date,action,right,strike,expiry,cash_flow,cash_after,shares_after,fill_price,commission,signal_date,bid,ask,reason
2018-01-02,SIGNAL,P,264.0,2018-02-02,0.0,100000.0,0.0,,,,,,
2018-01-03,SELL_PUT,P,264.0,2018-02-02,110.035328,100110.035328,0.0,1.106853,0.65,2018-01-02,1.116853,1.234417,
2018-02-02,EXPIRED,P,264.0,2018-02-02,0.0,100110.035328,0.0,,,,,,
2018-02-05,SIGNAL,P,256.0,2018-03-09,0.0,100110.035328,0.0,,,,,,
2018-02-06,SELL_PUT,P,256.0,2018-03-09,756.224401,100866.259729,0.0,7.568744,0.65,2018-02-05,7.578744,8.376507,
2018-03-09,EXPIRED,P,256.0,2018-03-09,0.0,100866.259729,0.0,,,,,,
2018-03-12,SIGNAL,P,272.0,2018-04-13,0.0,100866.259729,0.0,,,,,,
2018-03-13,SELL_PUT,P,272.0,2018-04-13,364.255028,101230.514758,0.0,3.64905,0.65,2018-03-12,3.65905,4.044213,
2018-04-13,PUT_ASSIGNED,P,272.0,2018-04-13,-27200.0,74030.514758,100.0,,,,,,
2018-04-16,SIGNAL,C,277.0,2018-05-18,0.0,74030.514758,100.0,,,,,,
2018-04-17,SELL_CALL,C,277.0,2018-05-18,337.977338,74368.492095,100.0,3.386273,0.65,2018-04-16,3.396273,3.753776,
2018-05-18,EXPIRED,C,277.0,2018-05-18,0.0,74368.492095,100.0,,,,,,
2018-05-21,SIGNAL,C,281.0,2018-06-22,0.0,74368.492095,100.0,,,,,,
2018-05-22,SELL_CALL,C,281.0,2018-06-22,187.924117,74556.416212,100.0,1.885741,0.65,2018-05-21,1.895741,2.095293,
2018-06-15,DIVIDEND,,,,124.6,74681.016212,100.0,,,,,,
2018-06-22,EXPIRED,C,281.0,2018-06-22,0.0,74681.016212,100.0,,,,,,
2018-06-25,SIGNAL,C,279.0,2018-07-27,0.0,74681.016212,100.0,,,,,,
2018-06-26,SELL_CALL,C,279.0,2018-07-27,348.250742,75029.266954,100.0,3.489007,0.65,2018-06-25,3.499007,3.867324,
2018-07-27,CALL_ASSIGNED,C,279.0,2018-07-27,27900.0,102929.266954,0.0,,,,,,
2018-07-30,SIGNAL,P,274.0,2018-08-31,0.0,102929.266954,0.0,,,,,,
2018-07-31,SELL_PUT,P,274.0,2018-08-31,238.091516,103167.35847,0.0,2.387415,0.65,2018-07-30,2.397415,2.649775,
2018-08-31,EXPIRED,P,274.0,2018-08-31,0.0,103167.35847,0.0,,,,,,
2018-09-04,SIGNAL,P,284.0,2018-10-05,0.0,103167.35847,0.0,,,,,,
2018-09-05,SELL_PUT,P,284.0,2018-10-05,276.944214,103444.302684,0.0,2.775942,0.65,2018-09-04,2.785942,3.079199,
2018-10-05,EXPIRED,P,284.0,2018-10-05,0.0,103444.302684,0.0,,,,,,
2018-10-08,SIGNAL,P,281.0,2018-11-09,0.0,103444.302684,0.0,,,,,,
2018-10-09,SELL_PUT,P,281.0,2018-11-09,323.984729,103768.287413,0.0,3.246347,0.65,2018-10-08,3.256347,3.599121,
2018-11-09,PUT_ASSIGNED,P,281.0,2018-11-09,-28100.0,75668.287413,100.0,,,,,,
2018-11-12,SIGNAL,C,282.0,2018-12-14,0.0,75668.287413,100.0,,,,,,
2018-11-13,SELL_CALL,C,282.0,2018-12-14,376.695377,76044.98279,100.0,3.773454,0.65,2018-11-12,3.783454,4.181712,
2018-12-14,EXPIRED,C,282.0,2018-12-14,0.0,76044.98279,100.0,,,,,,
2018-12-17,SIGNAL,C,267.0,2019-01-18,0.0,76044.98279,100.0,,,,,,
2018-12-18,SELL_CALL,C,267.0,2019-01-18,406.775557,76451.758347,100.0,4.074256,0.65,2018-12-17,4.084256,4.514177,
2018-12-21,DIVIDEND,,,,143.5,76595.258347,100.0,,,,,,
2019-01-18,EXPIRED,C,267.0,2019-01-18,0.0,76595.258347,100.0,,,,,,
2019-01-22,SIGNAL,C,272.0,2019-02-22,0.0,76595.258347,100.0,,,,,,
2019-01-23,SELL_CALL,C,272.0,2019-02-22,394.42328,76989.681627,100.0,3.950733,0.65,2019-01-22,3.960733,4.377652,
2019-02-22,CALL_ASSIGNED,C,272.0,2019-02-22,27200.0,104189.681627,0.0,,,,,,
2019-02-25,SIGNAL,P,273.0,2019-03-29,0.0,104189.681627,0.0,,,,,,
2019-02-26,SELL_PUT,P,273.0,2019-03-29,284.429598,104474.111225,0.0,2.850796,0.65,2019-02-25,2.860796,3.161932,
2019-03-29,EXPIRED,P,273.0,2019-03-29,0.0,104474.111225,0.0,,,,,,
2019-04-01,SIGNAL,P,279.0,2019-05-03,0.0,104474.111225,0.0,,,,,,
2019-04-02,SELL_PUT,P,279.0,2019-05-03,228.559756,104702.670982,0.0,2.292098,0.65,2019-04-01,2.302098,2.544424,
2019-05-03,EXPIRED,P,279.0,2019-05-03,0.0,104702.670982,0.0,,,,,,
2019-05-06,SIGNAL,P,286.0,2019-06-07,0.0,104702.670982,0.0,,,,,,
2019-05-07,SELL_PUT,P,286.0,2019-06-07,484.88574,105187.556722,0.0,4.855357,0.65,2019-05-06,4.865357,5.3775,
2019-06-07,EXPIRED,P,286.0,2019-06-07,0.0,105187.556722,0.0,,,,,,
2019-06-10,SIGNAL,P,281.0,2019-07-12,0.0,105187.556722,0.0,,,,,,
2019-06-11,SELL_PUT,P,281.0,2019-07-12,289.010531,105476.567253,0.0,2.896605,0.65,2019-06-10,2.906605,3.212564,
2019-07-12,EXPIRED,P,281.0,2019-07-12,0.0,105476.567253,0.0,,,,,,
2019-07-15,SIGNAL,P,294.0,2019-08-16,0.0,105476.567253,0.0,,,,,,
2019-07-16,SELL_PUT,P,294.0,2019-08-16,260.151357,105736.71861,0.0,2.608014,0.65,2019-07-15,2.618014,2.893594,
2019-08-16,PUT_ASSIGNED,P,294.0,2019-08-16,-29400.0,76336.71861,100.0,,,,,,
2019-08-19,SIGNAL,C,303.0,2019-09-20,0.0,76336.71861,100.0,,,,,,
2019-08-20,SELL_CALL,C,303.0,2019-09-20,226.997421,76563.716031,100.0,2.276474,0.65,2019-08-19,2.286474,2.527156,
2019-09-20,DIVIDEND,,,,138.4,76702.116031,100.0,,,,,,
2019-09-20,EXPIRED,C,303.0,2019-09-20,0.0,76702.116031,100.0,,,,,,
2019-09-23,SIGNAL,C,307.0,2019-10-25,0.0,76702.116031,100.0,,,,,,
2019-09-24,SELL_CALL,C,307.0,2019-10-25,215.065141,76917.181173,100.0,2.157151,0.65,2019-09-23,2.167151,2.395273,
2019-10-25,EXPIRED,C,307.0,2019-10-25,0.0,76917.181173,100.0,,,,,,
2019-10-28,SIGNAL,C,311.0,2019-11-29,0.0,76917.181173,100.0,,,,,,
2019-10-29,SELL_CALL,C,311.0,2019-11-29,249.701741,77166.882914,100.0,2.503517,0.65,2019-10-28,2.513517,2.778098,
2019-11-29,CALL_ASSIGNED,C,311.0,2019-11-29,31100.0,108266.882914,0.0,,,,,,
2019-12-02,SIGNAL,P,305.0,2020-01-03,0.0,108266.882914,0.0,,,,,,
2019-12-03,SELL_PUT,P,305.0,2020-01-03,401.070012,108667.952925,0.0,4.0172,0.65,2019-12-02,4.0272,4.451116,
2020-01-03,EXPIRED,P,305.0,2020-01-03,0.0,108667.952925,0.0,,,,,,
2020-01-06,SIGNAL,P,316.0,2020-02-07,0.0,108667.952925,0.0,,,,,,
2020-01-07,SELL_PUT,P,316.0,2020-02-07,308.188951,108976.141877,0.0,3.08839,0.65,2020-01-06,3.09839,3.424536,
2020-02-07,EXPIRED,P,316.0,2020-02-07,0.0,108976.141877,0.0,,,,,,
2020-02-10,SIGNAL,P,326.0,2020-03-13,0.0,108976.141877,0.0,,,,,,
2020-02-11,SELL_PUT,P,326.0,2020-03-13,297.831692,109273.973569,0.0,2.984817,0.65,2020-02-10,2.994817,3.310061,
2020-03-13,PUT_ASSIGNED,P,326.0,2020-03-13,-32600.0,76673.973569,100.0,,,,,,
2020-03-16,SIGNAL,C,273.0,2020-04-17,0.0,76673.973569,100.0,,,,,,
2020-03-17,SELL_CALL,C,273.0,2020-04-17,2015.936025,78689.909594,100.0,20.16586,0.65,2020-03-16,20.17586,22.299635,
2020-03-20,DIVIDEND,,,,140.6,78830.509594,100.0,,,,,,
2020-04-17,CALL_ASSIGNED,C,273.0,2020-04-17,27300.0,106130.509594,0.0,,,,,,
2020-04-20,SIGNAL,P,265.0,2020-05-22,0.0,106130.509594,0.0,,,,,,
2020-04-21,SELL_PUT,P,265.0,2020-05-22,1196.052933,107326.562527,0.0,11.967029,0.65,2020-04-20,11.977029,13.237769,
2020-05-22,EXPIRED,P,265.0,2020-05-22,0.0,107326.562527,0.0,,,,,,
2020-05-26,SIGNAL,P,286.0,2020-06-26,0.0,107326.562527,0.0,,,,,,
2020-05-27,SELL_PUT,P,286.0,2020-06-26,432.913234,107759.475761,0.0,4.335632,0.65,2020-05-26,4.345632,4.803067,
2020-06-26,EXPIRED,P,286.0,2020-06-26,0.0,107759.475761,0.0,,,,,,
2020-06-29,SIGNAL,P,288.0,2020-07-31,0.0,107759.475761,0.0,,,,,,
2020-06-30,SELL_PUT,P,288.0,2020-07-31,507.873947,108267.349708,0.0,5.085239,0.65,2020-06-29,5.095239,5.63158,
2020-07-31,EXPIRED,P,288.0,2020-07-31,0.0,108267.349708,0.0,,,,,,
2020-08-03,SIGNAL,P,316.0,2020-09-04,0.0,108267.349708,0.0,,,,,,
2020-08-04,SELL_PUT,P,316.0,2020-09-04,492.389113,108759.738821,0.0,4.930391,0.65,2020-08-03,4.940391,5.460432,
2020-09-04,EXPIRED,P,316.0,2020-09-04,0.0,108759.738821,0.0,,,,,,
2020-09-08,SIGNAL,P,317.0,2020-10-09,0.0,108759.738821,0.0,,,,,,
2020-09-09,SELL_PUT,P,317.0,2020-10-09,520.187324,109279.926145,0.0,5.208373,0.65,2020-09-08,5.218373,5.767676,
2020-10-09,EXPIRED,P,317.0,2020-10-09,0.0,109279.926145,0.0,,,,,,
2020-10-12,SIGNAL,P,338.0,2020-11-13,0.0,109279.926145,0.0,,,,,,
2020-10-13,SELL_PUT,P,338.0,2020-11-13,641.782641,109921.708786,0.0,6.424326,0.65,2020-10-12,6.434326,7.111624,
2020-11-13,EXPIRED,P,338.0,2020-11-13,0.0,109921.708786,0.0,,,,,,
2020-11-16,SIGNAL,P,349.0,2020-12-18,0.0,109921.708786,0.0,,,,,,
2020-11-17,SELL_PUT,P,349.0,2020-12-18,577.477155,110499.185941,0.0,5.781272,0.65,2020-11-16,5.791272,6.400879,
2020-12-18,EXPIRED,P,349.0,2020-12-18,0.0,110499.185941,0.0,,,,,,
2020-12-21,SIGNAL,P,355.0,2021-01-22,0.0,110499.185941,0.0,,,,,,
2020-12-22,SELL_PUT,P,355.0,2021-01-22,692.933579,111192.11952,0.0,6.935836,0.65,2020-12-21,6.945836,7.676976,
2021-01-22,EXPIRED,P,355.0,2021-01-22,0.0,111192.11952,0.0,,,,,,
2021-01-25,SIGNAL,P,371.0,2021-02-26,0.0,111192.11952,0.0,,,,,,
2021-01-26,SELL_PUT,P,371.0,2021-02-26,633.525576,111825.645096,0.0,6.341756,0.65,2021-01-25,6.351756,7.020362,
2021-02-26,EXPIRED,P,371.0,2021-02-26,0.0,111825.645096,0.0,,,,,,
2021-03-01,SIGNAL,P,372.0,2021-04-01,0.0,111825.645096,0.0,,,,,,
2021-03-02,SELL_PUT,P,372.0,2021-04-01,575.681069,112401.326165,0.0,5.763311,0.65,2021-03-01,5.773311,6.381028,
2021-04-01,EXPIRED,P,372.0,2021-04-01,0.0,112401.326165,0.0,,,,,,
2021-04-05,SIGNAL,P,395.0,2021-05-07,0.0,112401.326165,0.0,,,,,,
2021-04-06,SELL_PUT,P,395.0,2021-05-07,494.663842,112895.990007,0.0,4.953138,0.65,2021-04-05,4.963138,5.485574,
2021-05-07,EXPIRED,P,395.0,2021-05-07,0.0,112895.990007,0.0,,,,,,
2021-05-10,SIGNAL,P,406.0,2021-06-11,0.0,112895.990007,0.0,,,,,,
2021-05-11,SELL_PUT,P,406.0,2021-06-11,699.396913,113595.38692,0.0,7.000469,0.65,2021-05-10,7.010469,7.748413,
2021-06-11,EXPIRED,P,406.0,2021-06-11,0.0,113595.38692,0.0,,,,,,
2021-06-14,SIGNAL,P,414.0,2021-07-16,0.0,113595.38692,0.0,,,,,,
2021-06-15,SELL_PUT,P,414.0,2021-07-16,476.81201,114072.19893,0.0,4.77462,0.65,2021-06-14,4.78462,5.288264,
2021-07-16,EXPIRED,P,414.0,2021-07-16,0.0,114072.19893,0.0,,,,,,
2021-07-19,SIGNAL,P,412.0,2021-08-20,0.0,114072.19893,0.0,,,,,,
2021-07-20,SELL_PUT,P,412.0,2021-08-20,534.602519,114606.801449,0.0,5.352525,0.65,2021-07-19,5.362525,5.927002,
2021-08-20,EXPIRED,P,412.0,2021-08-20,0.0,114606.801449,0.0,,,,,,
2021-08-23,SIGNAL,P,434.0,2021-09-24,0.0,114606.801449,0.0,,,,,,
2021-08-24,SELL_PUT,P,434.0,2021-09-24,454.438503,115061.239952,0.0,4.550885,0.65,2021-08-23,4.560885,5.040978,
2021-09-24,EXPIRED,P,434.0,2021-09-24,0.0,115061.239952,0.0,,,,,,
2021-09-27,SIGNAL,P,430.0,2021-10-29,0.0,115061.239952,0.0,,,,,,
2021-09-28,SELL_PUT,P,430.0,2021-10-29,876.318334,115937.558286,0.0,8.769683,0.65,2021-09-27,8.779683,9.703861,
2021-10-29,EXPIRED,P,430.0,2021-10-29,0.0,115937.558286,0.0,,,,,,
2021-11-01,SIGNAL,P,448.0,2021-12-03,0.0,115937.558286,0.0,,,,,,
2021-11-02,SELL_PUT,P,448.0,2021-12-03,444.632399,116382.190685,0.0,4.452824,0.65,2021-11-01,4.462824,4.932595,
2021-12-03,EXPIRED,P,448.0,2021-12-03,0.0,116382.190685,0.0,,,,,,
2021-12-06,SIGNAL,P,437.0,2022-01-07,0.0,116382.190685,0.0,,,,,,
2021-12-07,SELL_PUT,P,437.0,2022-01-07,539.253216,116921.443901,0.0,5.399032,0.65,2021-12-06,5.409032,5.978404,
2022-01-07,EXPIRED,P,437.0,2022-01-07,0.0,116921.443901,0.0,,,,,,
2022-01-10,SIGNAL,P,451.0,2022-02-11,0.0,116921.443901,0.0,,,,,,
2022-01-11,SELL_PUT,P,451.0,2022-02-11,479.606502,117401.050403,0.0,4.802565,0.65,2022-01-10,4.812565,5.319151,
2022-02-11,PUT_ASSIGNED,P,451.0,2022-02-11,-45100.0,72301.050403,100.0,,,,,,
2022-02-14,SIGNAL,C,465.0,2022-03-18,0.0,72301.050403,100.0,,,,,,
2022-02-15,SELL_CALL,C,465.0,2022-03-18,977.536639,73278.587042,100.0,9.781866,0.65,2022-02-14,9.791866,10.822589,
2022-03-18,DIVIDEND,,,,136.6,73415.187042,100.0,,,,,,
2022-03-18,EXPIRED,C,465.0,2022-03-18,0.0,73415.187042,100.0,,,,,,
2022-03-21,SIGNAL,C,467.0,2022-04-22,0.0,73415.187042,100.0,,,,,,
2022-03-22,SELL_CALL,C,467.0,2022-04-22,768.752291,74183.939334,100.0,7.694023,0.65,2022-03-21,7.704023,8.514973,
2022-04-22,EXPIRED,C,467.0,2022-04-22,0.0,74183.939334,100.0,,,,,,
2022-04-25,SIGNAL,C,455.0,2022-05-27,0.0,74183.939334,100.0,,,,,,
2022-04-26,SELL_CALL,C,455.0,2022-05-27,367.893388,74551.832721,100.0,3.685434,0.65,2022-04-25,3.695434,4.084427,
2022-05-27,EXPIRED,C,455.0,2022-05-27,0.0,74551.832721,100.0,,,,,,
2022-05-31,SIGNAL,C,436.0,2022-07-01,0.0,74551.832721,100.0,,,,,,
2022-06-01,SELL_CALL,C,436.0,2022-07-01,532.569838,75084.402559,100.0,5.332198,0.65,2022-05-31,5.342198,5.904535,
2022-06-17,DIVIDEND,,,,157.7,75242.102559,100.0,,,,,,
2022-07-01,EXPIRED,C,436.0,2022-07-01,0.0,75242.102559,100.0,,,,,,
2022-07-05,SIGNAL,C,404.0,2022-08-05,0.0,75242.102559,100.0,,,,,,
2022-07-06,SELL_CALL,C,404.0,2022-08-05,650.267675,75892.370234,100.0,6.509177,0.65,2022-07-05,6.519177,7.205406,
2022-08-05,CALL_ASSIGNED,C,404.0,2022-08-05,40400.0,116292.370234,0.0,,,,,,
2022-08-08,SIGNAL,P,399.0,2022-09-09,0.0,116292.370234,0.0,,,,,,
2022-08-09,SELL_PUT,P,399.0,2022-09-09,630.940673,116923.310908,0.0,6.315907,0.65,2022-08-08,6.325907,6.991792,
2022-09-09,EXPIRED,P,399.0,2022-09-09,0.0,116923.310908,0.0,,,,,,
2022-09-12,SIGNAL,P,396.0,2022-10-14,0.0,116923.310908,0.0,,,,,,
2022-09-13,SELL_PUT,P,396.0,2022-10-14,1360.177754,118283.488662,0.0,13.608278,0.65,2022-09-12,13.618278,15.05178,
2022-10-14,PUT_ASSIGNED,P,396.0,2022-10-14,-39600.0,78683.488662,100.0,,,,,,
2022-10-17,SIGNAL,C,392.0,2022-11-18,0.0,78683.488662,100.0,,,,,,
2022-10-18,SELL_CALL,C,392.0,2022-11-18,796.640826,79480.129488,100.0,7.972908,0.65,2022-10-17,7.982908,8.823214,
2022-11-18,CALL_ASSIGNED,C,392.0,2022-11-18,39200.0,118680.129488,0.0,,,,,,
2022-11-21,SIGNAL,P,380.0,2022-12-23,0.0,118680.129488,0.0,,,,,,
2022-11-22,SELL_PUT,P,380.0,2022-12-23,433.711695,119113.841183,0.0,4.343617,0.65,2022-11-21,4.353617,4.811892,
2022-12-23,EXPIRED,P,380.0,2022-12-23,0.0,119113.841183,0.0,,,,,,
2022-12-27,SIGNAL,P,369.0,2023-01-27,0.0,119113.841183,0.0,,,,,,
2022-12-28,SELL_PUT,P,369.0,2023-01-27,709.911461,119823.752644,0.0,7.105615,0.65,2022-12-27,7.115615,7.864627,
2023-01-27,EXPIRED,P,369.0,2023-01-27,0.0,119823.752644,0.0,,,,,,
2023-01-30,SIGNAL,P,388.0,2023-03-03,0.0,119823.752644,0.0,,,,,,
2023-01-31,SELL_PUT,P,388.0,2023-03-03,383.287142,120207.039785,0.0,3.839371,0.65,2023-01-30,3.849371,4.254568,
2023-03-03,EXPIRED,P,388.0,2023-03-03,0.0,120207.039785,0.0,,,,,,
2023-03-06,SIGNAL,P,392.0,2023-04-06,0.0,120207.039785,0.0,,,,,,
2023-03-07,SELL_PUT,P,392.0,2023-04-06,669.495898,120876.535683,0.0,6.701459,0.65,2023-03-06,6.711459,7.417928,
2023-04-06,EXPIRED,P,392.0,2023-04-06,0.0,120876.535683,0.0,,,,,,
2023-04-10,SIGNAL,P,397.0,2023-05-12,0.0,120876.535683,0.0,,,,,,
2023-04-11,SELL_PUT,P,397.0,2023-05-12,505.0213,121381.556983,0.0,5.056713,0.65,2023-04-10,5.066713,5.600051,
2023-05-12,EXPIRED,P,397.0,2023-05-12,0.0,121381.556983,0.0,,,,,,
2023-05-15,SIGNAL,P,401.0,2023-06-16,0.0,121381.556983,0.0,,,,,,
2023-05-16,SELL_PUT,P,401.0,2023-06-16,527.809544,121909.366527,0.0,5.284595,0.65,2023-05-15,5.294595,5.851921,
2023-06-16,EXPIRED,P,401.0,2023-06-16,0.0,121909.366527,0.0,,,,,,
2023-06-20,SIGNAL,P,427.0,2023-07-21,0.0,121909.366527,0.0,,,,,,
2023-06-21,SELL_PUT,P,427.0,2023-07-21,440.073593,122349.44012,0.0,4.407236,0.65,2023-06-20,4.417236,4.882208,
2023-07-21,EXPIRED,P,427.0,2023-07-21,0.0,122349.44012,0.0,,,,,,
2023-07-24,SIGNAL,P,444.0,2023-08-25,0.0,122349.44012,0.0,,,,,,
2023-07-25,SELL_PUT,P,444.0,2023-08-25,377.310637,122726.750756,0.0,3.779606,0.65,2023-07-24,3.789606,4.188512,
2023-08-25,PUT_ASSIGNED,P,444.0,2023-08-25,-44400.0,78326.750756,100.0,,,,,,
2023-08-28,SIGNAL,C,457.0,2023-09-29,0.0,78326.750756,100.0,,,,,,
2023-08-29,SELL_CALL,C,457.0,2023-09-29,599.570859,78926.321616,100.0,6.002209,0.65,2023-08-28,6.012209,6.645073,
2023-09-15,DIVIDEND,,,,158.3,79084.621616,100.0,,,,,,
2023-09-29,EXPIRED,C,457.0,2023-09-29,0.0,79084.621616,100.0,,,,,,
2023-10-02,SIGNAL,C,443.0,2023-11-03,0.0,79084.621616,100.0,,,,,,
2023-10-03,SELL_CALL,C,443.0,2023-11-03,310.265051,79394.886667,100.0,3.109151,0.65,2023-10-02,3.119151,3.447482,
2023-11-03,EXPIRED,C,443.0,2023-11-03,0.0,79394.886667,100.0,,,,,,
2023-11-06,SIGNAL,C,449.0,2023-12-08,0.0,79394.886667,100.0,,,,,,
2023-11-07,SELL_CALL,C,449.0,2023-12-08,431.69457,79826.581237,100.0,4.323446,0.65,2023-11-06,4.333446,4.789598,
2023-12-08,CALL_ASSIGNED,C,449.0,2023-12-08,44900.0,124726.581237,0.0,,,,,,
2023-12-11,SIGNAL,P,453.0,2024-01-12,0.0,124726.581237,0.0,,,,,,
2023-12-12,SELL_PUT,P,453.0,2024-01-12,333.598934,125060.180171,0.0,3.342489,0.65,2023-12-11,3.352489,3.705383,
2024-01-12,EXPIRED,P,453.0,2024-01-12,0.0,125060.180171,0.0,,,,,,
2024-01-16,SIGNAL,P,465.0,2024-02-16,0.0,125060.180171,0.0,,,,,,
2024-01-17,SELL_PUT,P,465.0,2024-02-16,519.945838,125580.126009,0.0,5.205958,0.65,2024-01-16,5.215958,5.765007,
2024-02-16,EXPIRED,P,465.0,2024-02-16,0.0,125580.126009,0.0,,,,,,
2024-02-20,SIGNAL,P,485.0,2024-03-22,0.0,125580.126009,0.0,,,,,,
2024-02-21,SELL_PUT,P,485.0,2024-03-22,491.122457,126071.248467,0.0,4.917725,0.65,2024-02-20,4.927725,5.446432,
2024-03-22,EXPIRED,P,485.0,2024-03-22,0.0,126071.248467,0.0,,,,,,
2024-03-25,SIGNAL,P,509.0,2024-04-26,0.0,126071.248467,0.0,,,,,,
2024-03-26,SELL_PUT,P,509.0,2024-04-26,482.043033,126553.291499,0.0,4.82693,0.65,2024-03-25,4.83693,5.346081,
2024-04-26,PUT_ASSIGNED,P,509.0,2024-04-26,-50900.0,75653.291499,100.0,,,,,,
2024-04-29,SIGNAL,C,526.0,2024-05-31,0.0,75653.291499,100.0,,,,,,
2024-04-30,SELL_CALL,C,526.0,2024-05-31,257.171919,75910.463418,100.0,2.578219,0.65,2024-04-29,2.588219,2.860663,
2024-05-31,CALL_ASSIGNED,C,526.0,2024-05-31,52600.0,128510.463418,0.0,,,,,,
2024-06-03,SIGNAL,P,517.0,2024-07-05,0.0,128510.463418,0.0,,,,,,
2024-06-04,SELL_PUT,P,517.0,2024-07-05,442.665388,128953.128806,0.0,4.433154,0.65,2024-06-03,4.443154,4.910854,
2024-07-05,EXPIRED,P,517.0,2024-07-05,0.0,128953.128806,0.0,,,,,,
2024-07-08,SIGNAL,P,544.0,2024-08-09,0.0,128953.128806,0.0,,,,,,
2024-07-09,SELL_PUT,P,544.0,2024-08-09,422.889388,129376.018194,0.0,4.235394,0.65,2024-07-08,4.245394,4.692277,
2024-08-09,PUT_ASSIGNED,P,544.0,2024-08-09,-54400.0,74976.018194,100.0,,,,,,
2024-08-12,SIGNAL,C,556.0,2024-09-13,0.0,74976.018194,100.0,,,,,,
2024-08-13,SELL_CALL,C,556.0,2024-09-13,959.927555,75935.945749,100.0,9.605776,0.65,2024-08-12,9.615776,10.627962,
2024-09-13,CALL_ASSIGNED,C,556.0,2024-09-13,55600.0,131535.945749,0.0,,,,,,
2024-09-16,SIGNAL,P,548.0,2024-10-18,0.0,131535.945749,0.0,,,,,,
2024-09-17,SELL_PUT,P,548.0,2024-10-18,640.687594,132176.633343,0.0,6.413376,0.65,2024-09-16,6.423376,7.099521,
2024-10-18,EXPIRED,P,548.0,2024-10-18,0.0,132176.633343,0.0,,,,,,
2024-10-21,SIGNAL,P,566.0,2024-11-22,0.0,132176.633343,0.0,,,,,,
2024-10-22,SELL_PUT,P,566.0,2024-11-22,698.177249,132874.810591,0.0,6.988272,0.65,2024-10-21,6.998272,7.734933,
2024-11-22,EXPIRED,P,566.0,2024-11-22,0.0,132874.810591,0.0,,,,,,
2024-11-25,SIGNAL,P,583.0,2024-12-27,0.0,132874.810591,0.0,,,,,,
2024-11-26,SELL_PUT,P,583.0,2024-12-27,470.238811,133345.049402,0.0,4.708888,0.65,2024-11-25,4.718888,5.215613,
2024-12-27,EXPIRED,P,583.0,2024-12-27,0.0,133345.049402,0.0,,,,,,
2024-12-30,SIGNAL,P,573.0,2025-01-31,0.0,133345.049402,0.0,,,,,,
2024-12-31,SELL_PUT,P,573.0,2025-01-31,773.36252,134118.411922,0.0,7.740125,0.65,2024-12-30,7.750125,8.565928,
2025-01-31,EXPIRED,P,573.0,2025-01-31,0.0,134118.411922,0.0,,,,,,
2025-02-03,SIGNAL,P,582.0,2025-03-07,0.0,134118.411922,0.0,,,,,,
2025-02-04,SELL_PUT,P,582.0,2025-03-07,680.204567,134798.616489,0.0,6.808546,0.65,2025-02-03,6.818546,7.536287,
2025-03-07,PUT_ASSIGNED,P,582.0,2025-03-07,-58200.0,76598.616489,100.0,,,,,,
2025-03-10,SIGNAL,C,588.0,2025-04-11,0.0,76598.616489,100.0,,,,,,
2025-03-11,SELL_CALL,C,588.0,2025-04-11,947.120705,77545.737194,100.0,9.477707,0.65,2025-03-10,9.487707,10.486413,
2025-03-21,DIVIDEND,,,,169.6,77715.337194,100.0,,,,,,
2025-04-11,EXPIRED,C,588.0,2025-04-11,0.0,77715.337194,100.0,,,,,,
2025-04-14,SIGNAL,C,584.0,2025-05-16,0.0,77715.337194,100.0,,,,,,
2025-04-15,SELL_CALL,C,584.0,2025-05-16,746.648949,78461.986142,100.0,7.472989,0.65,2025-04-14,7.482989,8.270673,
2025-05-16,CALL_ASSIGNED,C,584.0,2025-05-16,58400.0,136861.986142,0.0,,,,,,
2025-05-19,SIGNAL,P,578.0,2025-06-20,0.0,136861.986142,0.0,,,,,,
2025-05-20,SELL_PUT,P,578.0,2025-06-20,781.023498,137643.009641,0.0,7.816735,0.65,2025-05-19,7.826735,8.650602,
2025-06-20,EXPIRED,P,578.0,2025-06-20,0.0,137643.009641,0.0,,,,,,
2025-06-23,SIGNAL,P,580.0,2025-07-25,0.0,137643.009641,0.0,,,,,,
2025-06-24,SELL_PUT,P,580.0,2025-07-25,581.515926,138224.525567,0.0,5.821659,0.65,2025-06-23,5.831659,6.445518,
2025-07-25,EXPIRED,P,580.0,2025-07-25,0.0,138224.525567,0.0,,,,,,
2025-07-28,SIGNAL,P,621.0,2025-08-29,0.0,138224.525567,0.0,,,,,,
2025-07-29,SELL_PUT,P,621.0,2025-08-29,654.790785,138879.316352,0.0,6.554408,0.65,2025-07-28,6.564408,7.255398,
2025-08-29,EXPIRED,P,621.0,2025-08-29,0.0,138879.316352,0.0,,,,,,
2025-09-02,SIGNAL,P,624.0,2025-10-03,0.0,138879.316352,0.0,,,,,,
2025-09-03,SELL_PUT,P,624.0,2025-10-03,643.751934,139523.068286,0.0,6.444019,0.65,2025-09-02,6.454019,7.13339,
2025-10-03,EXPIRED,P,624.0,2025-10-03,0.0,139523.068286,0.0,,,,,,
2025-10-06,SIGNAL,P,653.0,2025-11-07,0.0,139523.068286,0.0,,,,,,
2025-10-07,SELL_PUT,P,653.0,2025-11-07,759.789499,140282.857785,0.0,7.604395,0.65,2025-10-06,7.614395,8.41591,
2025-11-07,EXPIRED,P,653.0,2025-11-07,0.0,140282.857785,0.0,,,,,,
2025-11-10,SIGNAL,P,660.0,2025-12-12,0.0,140282.857785,0.0,,,,,,
2025-11-11,SELL_PUT,P,660.0,2025-12-12,677.411567,140960.269352,0.0,6.780616,0.65,2025-11-10,6.790616,7.505417,
2025-12-12,EXPIRED,P,660.0,2025-12-12,0.0,140960.269352,0.0,,,,,,
2025-12-15,SIGNAL,P,663.0,2026-01-16,0.0,140960.269352,0.0,,,,,,
2025-12-16,SELL_PUT,P,663.0,2026-01-16,796.606934,141756.876287,0.0,7.972569,0.65,2025-12-15,7.982569,8.82284,
